[
  {
    "id": "en-us-mathtext",
    "locale": "en-us",
    "dots": "6",
    "grade": "1",
    "fileNames": "en-us-mathtext.ctb"
  },
  {
    "id": "lt-6dot",
    "locale": "lt",
    "dots": "6",
    "grade": "1",
    "fileNames": "lt-6dot.utb"
  },
  {
    "id": "mn-MN-g1",
    "locale": "mn",
    "dots": "8",
    "grade": "1",
    "fileNames": "mn-MN-g1.utb",
    "enDisplayName": "Mongolian uncontracted braille"
  },
  {
    "id": "hy",
    "locale": "hy",
    "dots": "6",
    "grade": "1",
    "fileNames": "hy.ctb"
  },
  {
    "id": "ta",
    "locale": "ta",
    "dots": "6",
    "grade": "1",
    "fileNames": "ta.ctb"
  },
  {
    "id": "nso-za-g1",
    "locale": "nso",
    "dots": "6",
    "grade": "1",
    "fileNames": "nso-za-g1.utb",
    "enDisplayName": "Sepedi uncontracted braille"
  },
  {
    "id": "et",
    "locale": "et",
    "dots": "6",
    "grade": "1",
    "fileNames": "et.ctb"
  },
  {
    "id": "tsn-za-g1",
    "locale": "tn",
    "dots": "6",
    "grade": "1",
    "fileNames": "tsn-za-g1.ctb",
    "enDisplayName": "Setswana uncontracted braille"
  },
  {
    "id": "de-g0",
    "locale": "de",
    "dots": "6",
    "grade": "0",
    "fileNames": "de-g0.utb",
    "enDisplayName": "German uncontracted braille"
  },
  {
    "id": "ta-ta-g1",
    "locale": "ta",
    "dots": "6",
    "grade": "1",
    "fileNames": "ta-ta-g1.ctb",
    "enDisplayName": "Tamil braille"
  },
  {
    "id": "da-dk-g08",
    "locale": "da",
    "dots": "8",
    "grade": "0",
    "fileNames": "da-dk-g08.ctb",
    "enDisplayName": "Danish computer braille"
  },
  {
    "id": "no-no-8dot",
    "locale": "no",
    "dots": "8",
    "grade": "1",
    "fileNames": "no-no-8dot.utb",
    "enDisplayName": "Norwegian 8-dot uncontracted braille"
  },
  {
    "id": "no-no-g2",
    "locale": "no",
    "dots": "6",
    "grade": "2",
    "fileNames": "no-no-g2.ctb",
    "enDisplayName": "Norwegian grade 2 contracted braille"
  },
  {
    "id": "vi-saigon-g1",
    "locale": "vi",
    "dots": "6",
    "grade": "1",
    "fileNames": "vi-saigon-g1.ctb",
    "enDisplayName": "Southern Vietnamese braille"
  },
  {
    "id": "no-no-g0",
    "locale": "no",
    "dots": "6",
    "grade": "0",
    "fileNames": "no-no-g0.utb",
    "enDisplayName": "Norwegian 6-dot uncontracted braille"
  },
  {
    "id": "en-ueb-g1",
    "locale": "en",
    "dots": "6",
    "grade": "1",
    "fileNames": "en-ueb-g1.ctb",
    "enDisplayName": "Unified English uncontracted braille"
  },
  {
    "id": "ckb-g1",
    "locale": "ckb-g1",
    "dots": "6",
    "grade": "1",
    "fileNames": "ckb-g1.ctb"
  },
  {
    "id": "ru-ru-g1",
    "locale": "ru",
    "dots": "6",
    "grade": "1",
    "fileNames": "ru-ru-g1.ctb",
    "enDisplayName": "Russian contracted braille"
  },
  {
    "id": "pt-pt-g1",
    "locale": "pt",
    "dots": "6",
    "grade": "1",
    "fileNames": "pt-pt-g1.utb",
    "enDisplayName": "Portuguese uncontracted braille"
  },
  {
    "id": "sl-si-g1",
    "locale": "sl-si",
    "dots": "6",
    "grade": "1",
    "fileNames": "sl-si-g1.utb"
  },
  {
    "id": "vi-vn-g2",
    "locale": "vi",
    "dots": "6",
    "grade": "2",
    "fileNames": "vi-vn-g2.ctb",
    "enDisplayName": "Vietnamese contracted braille"
  },
  {
    "id": "pt-pt-comp8",
    "locale": "pt",
    "dots": "8",
    "grade": "1",
    "fileNames": "pt-pt-comp8.ctb",
    "enDisplayName": "Portuguese computer braille"
  },
  {
    "id": "afr-za-g2",
    "locale": "af",
    "dots": "6",
    "grade": "2",
    "fileNames": "afr-za-g2.ctb",
    "enDisplayName": "Afrikaans contracted braille"
  },
  {
    "id": "mn-MN-g2",
    "locale": "mn",
    "dots": "8",
    "grade": "2",
    "fileNames": "mn-MN-g2.ctb",
    "enDisplayName": "Mongolian contracted braille"
  },
  {
    "id": "en-nabcc",
    "locale": "en",
    "dots": "8",
    "grade": "1",
    "fileNames": "en-nabcc.utb",
    "enDisplayName": "North American Braille Computer Code"
  },
  {
    "id": "fi",
    "locale": "fi",
    "dots": "6",
    "grade": "1",
    "fileNames": "fi.utb",
    "enDisplayName": "Finnish braille"
  },
  {
    "id": "sk-g1",
    "locale": "sk-g1",
    "dots": "6",
    "grade": "1",
    "fileNames": "sk-g1.ctb"
  },
  {
    "id": "se-se",
    "locale": "se-se",
    "dots": "6",
    "grade": "1",
    "fileNames": "se-se.ctb"
  },
  {
    "id": "fr-bfu-g2",
    "locale": "fr",
    "dots": "6",
    "grade": "2",
    "fileNames": "fr-bfu-g2.ctb",
    "enDisplayName": "French contracted braille"
  },
  {
    "id": "tt",
    "locale": "tt",
    "dots": "6",
    "grade": "1",
    "fileNames": "tt.utb",
    "enDisplayName": "Tatar braille"
  },
  {
    "id": "en-us-interline",
    "locale": "en-us",
    "dots": "6",
    "grade": "1",
    "fileNames": "en-us-interline.ctb"
  },
  {
    "id": "ar-ar-g1",
    "locale": "ar-ar",
    "dots": "6",
    "grade": "1",
    "fileNames": "ar-ar-g1.utb"
  },
  {
    "id": "Lv-Lv-g1",
    "locale": "Lv-Lv",
    "dots": "6",
    "grade": "1",
    "fileNames": "Lv-Lv-g1.utb"
  },
  {
    "id": "ve-za-g2",
    "locale": "ve",
    "dots": "6",
    "grade": "2",
    "fileNames": "ve-za-g2.ctb",
    "enDisplayName": "Tshivenda contracted braille"
  },
  {
    "id": "hu-hu-g2",
    "locale": "hu",
    "dots": "6",
    "grade": "2",
    "fileNames": "hu-hu-g2.ctb",
    "enDisplayName": "Hungarian contracted braille"
  },
  {
    "id": "hu-hu-comp8",
    "locale": "hu",
    "dots": "8",
    "grade": "1",
    "fileNames": "hu-hu-comp8.ctb",
    "enDisplayName": "Hungarian computer braille"
  },
  {
    "id": "en_CA",
    "locale": "en_CA",
    "dots": "6",
    "grade": "1",
    "fileNames": "en_CA.ctb"
  },
  {
    "id": "he-IL-comp8",
    "locale": "he",
    "dots": "8",
    "grade": "1",
    "fileNames": "he-IL-comp8.utb",
    "enDisplayName": "Hebrew computer braille"
  },
  {
    "id": "es-g1",
    "locale": "es-g1",
    "dots": "6",
    "grade": "1",
    "fileNames": "es-g1.ctb"
  },
  {
    "id": "hr-g1",
    "locale": "hr-g1",
    "dots": "6",
    "grade": "1",
    "fileNames": "hr-g1.ctb"
  },
  {
    "id": "cs-g1",
    "locale": "cs-g1",
    "dots": "6",
    "grade": "1",
    "fileNames": "cs-g1.ctb"
  },
  {
    "id": "zh-tw",
    "locale": "zh-tw",
    "dots": "6",
    "grade": "1",
    "fileNames": "zh-tw.ctb"
  },
  {
    "id": "en-us-comp8-ext",
    "locale": "en-us",
    "dots": "8",
    "grade": "1",
    "fileNames": "en-us-comp8-ext.utb"
  },
  {
    "id": "sv-1989",
    "locale": "sv",
    "dots": "8",
    "grade": "1",
    "fileNames": "sv-1989.ctb",
    "enDisplayName": "Swedish computer braille (1989 standard)"
  },
  {
    "id": "gu-in-g1",
    "locale": "gu-in",
    "dots": "6",
    "grade": "1",
    "fileNames": "gu-in-g1.utb"
  },
  {
    "id": "hr-comp8",
    "locale": "hr",
    "dots": "8",
    "grade": "1",
    "fileNames": "hr-comp8.utb"
  },
  {
    "id": "sot-za-g2",
    "locale": "st",
    "dots": "6",
    "grade": "2",
    "fileNames": "sot-za-g2.ctb",
    "enDisplayName": "Sesotho contracted braille"
  },
  {
    "id": "bg",
    "locale": "bg",
    "dots": "6",
    "grade": "1",
    "fileNames": "bg.ctb"
  },
  {
    "id": "ru-compbrl",
    "locale": "ru",
    "dots": "6",
    "grade": "1",
    "fileNames": "ru-compbrl.ctb",
    "enDisplayName": "Russian braille for program sources"
  },
  {
    "id": "ko-g1",
    "locale": "ko",
    "dots": "6",
    "grade": "1",
    "fileNames": "ko-g1.ctb",
    "enDisplayName": "Korean uncontracted braille"
  },
  {
    "id": "it-it-comp8",
    "locale": "it",
    "dots": "8",
    "grade": "1",
    "fileNames": "it-it-comp8.utb",
    "enDisplayName": "Italian computer braille"
  },
  {
    "id": "de-de-comp8",
    "locale": "de",
    "dots": "8",
    "grade": "1",
    "fileNames": "de-de-comp8.ctb",
    "enDisplayName": "German computer braille"
  },
  {
    "id": "ve-za-g1",
    "locale": "ve",
    "dots": "6",
    "grade": "1",
    "fileNames": "ve-za-g1.utb",
    "enDisplayName": "Tshivenda uncontracted braille"
  },
  {
    "id": "zu-za-g1",
    "locale": "zu",
    "dots": "6",
    "grade": "1",
    "fileNames": "zu-za-g1.utb",
    "enDisplayName": "isiZulu uncontracted braille"
  },
  {
    "id": "sk-sk-g1",
    "locale": "sk-sk",
    "dots": "6",
    "grade": "1",
    "fileNames": "sk-sk-g1.utb"
  },
  {
    "id": "ur-pk-g1",
    "locale": "ur",
    "dots": "6",
    "grade": "1",
    "fileNames": "ur-pk-g1.utb",
    "enDisplayName": "Urdu uncontracted braille"
  },
  {
    "id": "da-dk-g26l",
    "locale": "da",
    "dots": "6",
    "grade": "2",
    "fileNames": "da-dk-g26l.ctb",
    "enDisplayName": "Danish 6-dot partially contracted braille"
  },
  {
    "id": "pt-pt-g2",
    "locale": "pt-pt",
    "dots": "6",
    "grade": "2",
    "fileNames": "pt-pt-g2.ctb"
  },
  {
    "id": "kh-in-g1",
    "locale": "kh-in",
    "dots": "6",
    "grade": "1",
    "fileNames": "kh-in-g1.utb"
  },
  {
    "id": "mr-in-g1",
    "locale": "mr-in",
    "dots": "6",
    "grade": "1",
    "fileNames": "mr-in-g1.utb"
  },
  {
    "id": "ga-g1",
    "locale": "ga",
    "dots": "6",
    "grade": "1",
    "fileNames": "ga-g1.utb",
    "enDisplayName": "Irish uncontracted braille"
  },
  {
    "id": "da-dk-g16-lit",
    "locale": "da",
    "dots": "6",
    "grade": "1",
    "fileNames": "da-dk-g16-lit.ctb",
    "enDisplayName": "Danish 6-dot uncontracted braille"
  },
  {
    "id": "sr-g1",
    "locale": "sr-g1",
    "dots": "6",
    "grade": "1",
    "fileNames": "sr-g1.ctb"
  },
  {
    "id": "grc-international-en",
    "locale": "grc",
    "dots": "6",
    "grade": "1",
    "fileNames": "grc-international-en.utb",
    "enDisplayName": "Greek internationalized braille as used by English speakers"
  },
  {
    "id": "ga-g2",
    "locale": "ga",
    "dots": "6",
    "grade": "2",
    "fileNames": "ga-g2.ctb",
    "enDisplayName": "Irish contracted braille"
  },
  {
    "id": "Pl-Pl-g1",
    "locale": "Pl-Pl",
    "dots": "6",
    "grade": "1",
    "fileNames": "Pl-Pl-g1.utb"
  },
  {
    "id": "sa-in-g1",
    "locale": "sa-in",
    "dots": "6",
    "grade": "1",
    "fileNames": "sa-in-g1.utb"
  },
  {
    "id": "ru-litbrl-detailed",
    "locale": "ru",
    "dots": "6",
    "grade": "1",
    "fileNames": "ru-litbrl-detailed.utb",
    "enDisplayName": "Russian braille with indication of capitals"
  },
  {
    "id": "cy-cy-g2",
    "locale": "cy-cy",
    "dots": "6",
    "grade": "2",
    "fileNames": "cy-cy-g2.ctb"
  },
  {
    "id": "pl-pl-comp8",
    "locale": "pl",
    "dots": "8",
    "grade": "1",
    "fileNames": "pl-pl-comp8.ctb",
    "enDisplayName": "Polish computer braille"
  },
  {
    "id": "en-us-comp6",
    "locale": "en-US",
    "dots": "6",
    "grade": "1",
    "fileNames": "en-us-comp6.ctb",
    "enDisplayName": "English 6-dot computer braille as used in the U.S."
  },
  {
    "id": "zhcn-g1",
    "locale": "cmn-CN",
    "dots": "6",
    "grade": "1",
    "fileNames": "zhcn-g1.ctb",
    "enDisplayName": "Chinese braille with tones"
  },
  {
    "id": "sl-si-comp8",
    "locale": "sl",
    "dots": "8",
    "grade": "1",
    "fileNames": "sl-si-comp8.ctb",
    "enDisplayName": "Slovenian computer braille"
  },
  {
    "id": "vi-vn-g1",
    "locale": "vi",
    "dots": "6",
    "grade": "1",
    "fileNames": "vi-vn-g1.ctb",
    "enDisplayName": "Vietnamese partially contracted braille"
  },
  {
    "id": "pu-in-g1",
    "locale": "pu-in",
    "dots": "6",
    "grade": "1",
    "fileNames": "pu-in-g1.utb"
  },
  {
    "id": "no-no-generic",
    "locale": "no-no",
    "dots": "6",
    "grade": "1",
    "fileNames": "no-no-generic.ctb"
  },
  {
    "id": "de-g2",
    "locale": "de",
    "dots": "6",
    "grade": "2",
    "fileNames": "de-g2.ctb",
    "enDisplayName": "German contracted braille"
  },
  {
    "id": "en-us-g1",
    "locale": "en-US",
    "dots": "6",
    "grade": "1",
    "fileNames": "en-us-g1.ctb",
    "enDisplayName": "English uncontracted braille as used in the U.S."
  },
  {
    "id": "bel",
    "locale": "be",
    "dots": "6",
    "grade": "1",
    "fileNames": "bel.utb",
    "enDisplayName": "Belarusian braille"
  },
  {
    "id": "hu-hu-g1",
    "locale": "hu-hu",
    "dots": "6",
    "grade": "1",
    "fileNames": "hu-hu-g1.ctb"
  },
  {
    "id": "da-dk-g26",
    "locale": "da",
    "dots": "6",
    "grade": "2",
    "fileNames": "da-dk-g26.ctb",
    "enDisplayName": "Danish 6-dot contracted braille"
  },
  {
    "id": "sv-1996",
    "locale": "sv",
    "dots": "8",
    "grade": "1",
    "fileNames": "sv-1996.ctb",
    "enDisplayName": "Swedish computer braille (1996 standard)"
  },
  {
    "id": "ro",
    "locale": "ro",
    "dots": "6",
    "grade": "1",
    "fileNames": "ro.ctb"
  },
  {
    "id": "ru",
    "locale": "ru",
    "dots": "8",
    "grade": "1",
    "fileNames": "ru.ctb",
    "enDisplayName": "Russian computer braille"
  },
  {
    "id": "ks-in-g1",
    "locale": "ks-in",
    "dots": "6",
    "grade": "1",
    "fileNames": "ks-in-g1.utb"
  },
  {
    "id": "ne",
    "locale": "ne",
    "dots": "6",
    "grade": "1",
    "fileNames": "ne.ctb"
  },
  {
    "id": "ka-in-g1",
    "locale": "ka-in",
    "dots": "6",
    "grade": "1",
    "fileNames": "ka-in-g1.utb"
  },
  {
    "id": "vi",
    "locale": "vi",
    "dots": "8",
    "grade": "1",
    "fileNames": "vi.ctb",
    "enDisplayName": "Vietnamese computer braille"
  },
  {
    "id": "ba",
    "locale": "ba",
    "dots": "6",
    "grade": "1",
    "fileNames": "ba.utb",
    "enDisplayName": "Bashkir braille"
  },
  {
    "id": "he-IL",
    "locale": "mul-IL",
    "dots": "6",
    "grade": "1",
    "fileNames": "he-IL.utb",
    "enDisplayName": "Israeli braille"
  },
  {
    "id": "da-dk-g26l-lit",
    "locale": "da",
    "dots": "6",
    "grade": "2",
    "fileNames": "da-dk-g26l-lit.ctb",
    "enDisplayName": "Danish 6-dot partially contracted braille"
  },
  {
    "id": "zh-hk",
    "locale": "zh-hk",
    "dots": "6",
    "grade": "1",
    "fileNames": "zh-hk.ctb"
  },
  {
    "id": "en-GB-g2",
    "locale": "en-GB",
    "dots": "6",
    "grade": "2",
    "fileNames": "en-GB-g2.ctb"
  },
  {
    "id": "chr-us-g1",
    "locale": "chr",
    "dots": "6",
    "grade": "1",
    "fileNames": "chr-us-g1.ctb",
    "enDisplayName": "Cherokee braille"
  },
  {
    "id": "np-in-g1",
    "locale": "np-in",
    "dots": "6",
    "grade": "1",
    "fileNames": "np-in-g1.utb"
  },
  {
    "id": "sah",
    "locale": "sah",
    "dots": "6",
    "grade": "1",
    "fileNames": "sah.utb",
    "enDisplayName": "Yakut braille"
  },
  {
    "id": "lt",
    "locale": "lt",
    "dots": "6",
    "grade": "1",
    "fileNames": "lt.ctb"
  },
  {
    "id": "ml-in-g1",
    "locale": "ml-in",
    "dots": "6",
    "grade": "1",
    "fileNames": "ml-in-g1.utb"
  },
  {
    "id": "tr",
    "locale": "tr",
    "dots": "6",
    "grade": "1",
    "fileNames": "tr.ctb"
  },
  {
    "id": "nl-NL-g0",
    "locale": "nl-NL",
    "dots": "6",
    "grade": "0",
    "fileNames": "nl-NL-g0.utb"
  },
  {
    "id": "en-us-g2",
    "locale": "en-us",
    "dots": "6",
    "grade": "2",
    "fileNames": "en-us-g2.ctb"
  },
  {
    "id": "mao-nz-g1",
    "locale": "mi",
    "dots": "6",
    "grade": "1",
    "fileNames": "mao-nz-g1.ctb",
    "enDisplayName": "Maori braille"
  },
  {
    "id": "es-g2",
    "locale": "es",
    "dots": "6",
    "grade": "2",
    "fileNames": "es-g2.ctb",
    "enDisplayName": "Spanish contracted braille"
  },
  {
    "id": "fa-ir-comp8",
    "locale": "fa",
    "dots": "8",
    "grade": "1",
    "fileNames": "fa-ir-comp8.ctb",
    "enDisplayName": "Persian computer braille"
  },
  {
    "id": "bg",
    "locale": "bg",
    "dots": "6",
    "grade": "1",
    "fileNames": "bg.utb",
    "enDisplayName": "Bulgarian braille"
  },
  {
    "id": "iu-ca-g1",
    "locale": "iu",
    "dots": "6",
    "grade": "1",
    "fileNames": "iu-ca-g1.ctb",
    "enDisplayName": "Inuktitut braille"
  },
  {
    "id": "fr-bfu-comp6",
    "locale": "fr",
    "dots": "6",
    "grade": "1",
    "fileNames": "fr-bfu-comp6.utb",
    "enDisplayName": "French uncontracted braille"
  },
  {
    "id": "sot-za-g1",
    "locale": "st",
    "dots": "6",
    "grade": "1",
    "fileNames": "sot-za-g1.ctb",
    "enDisplayName": "Sesotho uncontracted braille"
  },
  {
    "id": "haw-us-g1",
    "locale": "haw",
    "dots": "6",
    "grade": "1",
    "fileNames": "haw-us-g1.ctb",
    "enDisplayName": "Hawaiian braille"
  },
  {
    "id": "da-dk-g26-lit",
    "locale": "da",
    "dots": "6",
    "grade": "2",
    "fileNames": "da-dk-g26-lit.ctb",
    "enDisplayName": "Danish 6-dot contracted braille"
  },
  {
    "id": "xh-za-g1",
    "locale": "xh",
    "dots": "6",
    "grade": "1",
    "fileNames": "xh-za-g1.utb",
    "enDisplayName": "isiXhosa uncontracted braille"
  },
  {
    "id": "da-dk-g16",
    "locale": "da",
    "dots": "6",
    "grade": "1",
    "fileNames": "da-dk-g16.ctb",
    "enDisplayName": "Danish 6-dot uncontracted braille"
  },
  {
    "id": "en-in-g1",
    "locale": "en-in",
    "dots": "6",
    "grade": "1",
    "fileNames": "en-in-g1.ctb"
  },
  {
    "id": "as-in-g1",
    "locale": "as-in",
    "dots": "6",
    "grade": "1",
    "fileNames": "as-in-g1.utb"
  },
  {
    "id": "aw-in-g1",
    "locale": "aw-in",
    "dots": "6",
    "grade": "1",
    "fileNames": "aw-in-g1.utb"
  },
  {
    "id": "br-in-g1",
    "locale": "br-in",
    "dots": "6",
    "grade": "1",
    "fileNames": "br-in-g1.utb"
  },
  {
    "id": "et-g0",
    "locale": "et-g0",
    "dots": "6",
    "grade": "0",
    "fileNames": "et-g0.utb"
  },
  {
    "id": "bel-comp",
    "locale": "be",
    "dots": "8",
    "grade": "1",
    "fileNames": "bel-comp.utb",
    "enDisplayName": "Belarusian computer braille"
  },
  {
    "id": "da-dk-g28l",
    "locale": "da",
    "dots": "8",
    "grade": "2",
    "fileNames": "da-dk-g28l.ctb",
    "enDisplayName": "Danish 8-dot partially contracted braille"
  },
  {
    "id": "vi-vn-g0",
    "locale": "vi",
    "dots": "6",
    "grade": "0",
    "fileNames": "vi-vn-g0.utb",
    "enDisplayName": "Vietnamese uncontracted braille"
  },
  {
    "id": "zhcn-g2",
    "locale": "cmn-CN",
    "dots": "6",
    "grade": "2",
    "fileNames": "zhcn-g2.ctb",
    "enDisplayName": "Two-cell Chinese braille"
  },
  {
    "id": "de-g1",
    "locale": "de",
    "dots": "6",
    "grade": "1",
    "fileNames": "de-g1.ctb",
    "enDisplayName": "German partially contracted braille"
  },
  {
    "id": "Es-Es-G0",
    "locale": "es",
    "dots": "6",
    "grade": "1",
    "fileNames": "Es-Es-G0.utb",
    "enDisplayName": "Spanish computer braille"
  },
  {
    "id": "hi-in-g1",
    "locale": "hi-in",
    "dots": "6",
    "grade": "1",
    "fileNames": "hi-in-g1.utb"
  },
  {
    "id": "no-no-comp8",
    "locale": "no",
    "dots": "8",
    "grade": "1",
    "fileNames": "no-no-comp8.ctb",
    "enDisplayName": "Norwegian computer braille"
  },
  {
    "id": "da-dk-g28",
    "locale": "da",
    "dots": "8",
    "grade": "2",
    "fileNames": "da-dk-g28.ctb",
    "enDisplayName": "Danish 8-dot contracted braille"
  },
  {
    "id": "my-g1",
    "locale": "my",
    "dots": "6",
    "grade": "1",
    "fileNames": "my-g1.utb",
    "enDisplayName": "Burmese uncontracted braille"
  },
  {
    "id": "no-no-g3",
    "locale": "no-no",
    "dots": "6",
    "grade": "3",
    "fileNames": "no-no-g3.ctb"
  },
  {
    "id": "cs-comp8",
    "locale": "cs",
    "dots": "8",
    "grade": "1",
    "fileNames": "cs-comp8.utb",
    "enDisplayName": "Czech computer braille"
  },
  {
    "id": "en-gb-g1",
    "locale": "en-GB",
    "dots": "6",
    "grade": "1",
    "fileNames": "en-gb-g1.utb",
    "enDisplayName": "English uncontracted braille as used in the U.K."
  },
  {
    "id": "en-gb-comp8",
    "locale": "en-GB",
    "dots": "8",
    "grade": "1",
    "fileNames": "en-gb-comp8.ctb",
    "enDisplayName": "English computer braille as used in the U.K."
  },
  {
    "id": "ko-2006-g2",
    "locale": "ko",
    "dots": "6",
    "grade": "2",
    "fileNames": "ko-2006-g2.ctb",
    "enDisplayName": "Korean contracted braille (2006 standard)"
  },
  {
    "id": "no-no-8dot-fallback-6dot-g0",
    "locale": "no",
    "dots": "8",
    "grade": "0",
    "fileNames": "no-no-8dot-fallback-6dot-g0.utb",
    "enDisplayName": "Norwegian 8-dot uncontracted braille with 6-dot fallback"
  },
  {
    "id": "uk-comp",
    "locale": "uk",
    "dots": "8",
    "grade": "1",
    "fileNames": "uk-comp.utb",
    "enDisplayName": "Ukrainian computer braille"
  },
  {
    "id": "cop-eg-comp8",
    "locale": "cop",
    "dots": "8",
    "grade": "1",
    "fileNames": "cop-eg-comp8.utb",
    "enDisplayName": "Coptic computer braille"
  },
  {
    "id": "fa-ir-g1",
    "locale": "fa",
    "dots": "6",
    "grade": "1",
    "fileNames": "fa-ir-g1.utb",
    "enDisplayName": "Persian braille"
  },
  {
    "id": "tr-g1",
    "locale": "tr-g1",
    "dots": "6",
    "grade": "1",
    "fileNames": "tr-g1.ctb"
  },
  {
    "id": "sin",
    "locale": "sin",
    "dots": "6",
    "grade": "1",
    "fileNames": "sin.utb"
  },
  {
    "id": "fr-bfu-comp8",
    "locale": "fr",
    "dots": "8",
    "grade": "1",
    "fileNames": "fr-bfu-comp8.utb",
    "enDisplayName": "French computer braille"
  },
  {
    "id": "my-g2",
    "locale": "my",
    "dots": "6",
    "grade": "2",
    "fileNames": "my-g2.ctb",
    "enDisplayName": "Burmese contracted braille"
  },
  {
    "id": "eo-g1-x-system",
    "locale": "eo-xsistemo",
    "dots": "6",
    "grade": "1",
    "fileNames": "eo-g1-x-system.ctb",
    "enDisplayName": "Esperanto x-system braille"
  },
  {
    "id": "no-no-g1",
    "locale": "no",
    "dots": "6",
    "grade": "1",
    "fileNames": "no-no-g1.ctb",
    "enDisplayName": "Norwegian grade 1 contracted braille"
  },
  {
    "id": "be-in-g1",
    "locale": "be-in",
    "dots": "6",
    "grade": "1",
    "fileNames": "be-in-g1.utb"
  },
  {
    "id": "el",
    "locale": "el",
    "dots": "6",
    "grade": "1",
    "fileNames": "el.ctb",
    "enDisplayName": "Greek braille"
  },
  {
    "id": "da-dk-g18",
    "locale": "da",
    "dots": "8",
    "grade": "1",
    "fileNames": "da-dk-g18.ctb",
    "enDisplayName": "Danish 8-dot uncontracted braille"
  },
  {
    "id": "fi-fi-8dot",
    "locale": "fi",
    "dots": "8",
    "grade": "1",
    "fileNames": "fi-fi-8dot.ctb",
    "enDisplayName": "Finnish computer braille"
  },
  {
    "id": "gd",
    "locale": "gd",
    "dots": "6",
    "grade": "1",
    "fileNames": "gd.ctb"
  },
  {
    "id": "afr-za-g1",
    "locale": "af",
    "dots": "6",
    "grade": "1",
    "fileNames": "afr-za-g1.ctb",
    "enDisplayName": "Afrikaans uncontracted braille"
  },
  {
    "id": "ca-g1",
    "locale": "ca-g1",
    "dots": "6",
    "grade": "1",
    "fileNames": "ca-g1.ctb"
  },
  {
    "id": "ur-pk-g2",
    "locale": "ur",
    "dots": "6",
    "grade": "2",
    "fileNames": "ur-pk-g2.ctb",
    "enDisplayName": "Urdu contracted braille"
  },
  {
    "id": "mn-in-g1",
    "locale": "mn-in",
    "dots": "6",
    "grade": "1",
    "fileNames": "mn-in-g1.utb"
  },
  {
    "id": "uz-g1",
    "locale": "uz",
    "dots": "6",
    "grade": "1",
    "fileNames": "uz-g1.utb",
    "enDisplayName": "Uzbek braille"
  },
  {
    "id": "nl-comp8",
    "locale": "nl",
    "dots": "8",
    "grade": "1",
    "fileNames": "nl-comp8.utb",
    "enDisplayName": "Dutch computer braille"
  },
  {
    "id": "it-it-comp6",
    "locale": "it-it",
    "dots": "6",
    "grade": "1",
    "fileNames": "it-it-comp6.utb"
  },
  {
    "id": "uk",
    "locale": "uk",
    "dots": "6",
    "grade": "1",
    "fileNames": "uk.utb",
    "enDisplayName": "Ukrainian braille"
  },
  {
    "id": "tr-g2",
    "locale": "tr-g2",
    "dots": "6",
    "grade": "2",
    "fileNames": "tr-g2.ctb"
  },
  {
    "id": "nso-za-g2",
    "locale": "nso",
    "dots": "6",
    "grade": "2",
    "fileNames": "nso-za-g2.ctb",
    "enDisplayName": "Sepedi contracted braille"
  },
  {
    "id": "eo-g1",
    "locale": "eo-g1",
    "dots": "6",
    "grade": "1",
    "fileNames": "eo-g1.ctb"
  },
  {
    "id": "Se-Se-g1",
    "locale": "Se-Se",
    "dots": "6",
    "grade": "1",
    "fileNames": "Se-Se-g1.utb"
  },
  {
    "id": "ar-ar-g2",
    "locale": "ar",
    "dots": "6",
    "grade": "2",
    "fileNames": "ar-ar-g2.ctb",
    "enDisplayName": "Arabic contracted braille"
  },
  {
    "id": "kk",
    "locale": "kk",
    "dots": "6",
    "grade": "1",
    "fileNames": "kk.utb",
    "enDisplayName": "Kazakh braille"
  },
  {
    "id": "ms-my-g2",
    "locale": "ms",
    "dots": "6",
    "grade": "2",
    "fileNames": "ms-my-g2.ctb",
    "enDisplayName": "Malay braille"
  },
  {
    "id": "en-ueb-math",
    "locale": "en",
    "dots": "6",
    "grade": "1",
    "fileNames": "en-ueb-math.ctb"
  },
  {
    "id": "xh-za-g2",
    "locale": "xh",
    "dots": "6",
    "grade": "2",
    "fileNames": "xh-za-g2.ctb",
    "enDisplayName": "isiXhosa contracted braille"
  },
  {
    "id": "zu-za-g2",
    "locale": "zu",
    "dots": "6",
    "grade": "2",
    "fileNames": "zu-za-g2.ctb",
    "enDisplayName": "isiZulu contracted braille"
  },
  {
    "id": "ko-g2",
    "locale": "ko",
    "dots": "6",
    "grade": "2",
    "fileNames": "ko-g2.ctb",
    "enDisplayName": "Korean contracted braille"
  },
  {
    "id": "mt",
    "locale": "mt",
    "dots": "6",
    "grade": "1",
    "fileNames": "mt.ctb"
  },
  {
    "id": "km-g1",
    "locale": "km",
    "dots": "6",
    "grade": "1",
    "fileNames": "km-g1.utb",
    "enDisplayName": "Khmer braille"
  },
  {
    "id": "ko-2006-g1",
    "locale": "ko",
    "dots": "6",
    "grade": "1",
    "fileNames": "ko-2006-g1.ctb",
    "enDisplayName": "Korean uncontracted braille (2006 standard)"
  },
  {
    "id": "si-in-g1",
    "locale": "si-in",
    "dots": "6",
    "grade": "1",
    "fileNames": "si-in-g1.utb"
  },
  {
    "id": "ar-ar-comp8",
    "locale": "ar",
    "dots": "8",
    "grade": "1",
    "fileNames": "ar-ar-comp8.utb",
    "enDisplayName": "Arabic computer braille"
  },
  {
    "id": "ru-litbrl",
    "locale": "ru",
    "dots": "6",
    "grade": "1",
    "fileNames": "ru-litbrl.ctb",
    "enDisplayName": "Russian braille"
  },
  {
    "id": "zh-chn",
    "locale": "zh",
    "dots": "6",
    "grade": "1",
    "fileNames": "zh-chn.ctb"
  },
  {
    "id": "tsn-za-g2",
    "locale": "tn",
    "dots": "6",
    "grade": "2",
    "fileNames": "tsn-za-g2.ctb",
    "enDisplayName": "Setswana contracted braille"
  },
  {
    "id": "cy-cy-g1",
    "locale": "cy",
    "dots": "6",
    "grade": "1",
    "fileNames": "cy-cy-g1.utb",
    "enDisplayName": "Welsh uncontracted braille"
  },
  {
    "id": "te-in-g1",
    "locale": "te-in",
    "dots": "6",
    "grade": "1",
    "fileNames": "te-in-g1.utb"
  },
  {
    "id": "en-ueb-g2",
    "locale": "en",
    "dots": "6",
    "grade": "2",
    "fileNames": "en-ueb-g2.ctb",
    "enDisplayName": "Unified English contracted braille"
  },
  {
    "id": "sk-sk",
    "locale": "sk-sk",
    "dots": "6",
    "grade": "1",
    "fileNames": "sk-sk.utb"
  },
  {
    "id": "is",
    "locale": "is",
    "dots": "6",
    "grade": "1",
    "fileNames": "is.ctb"
  },
  {
    "id": "en-us-comp8",
    "locale": "en-us",
    "dots": "8",
    "grade": "1",
    "fileNames": "en-us-comp8.ctb"
  },
  {
    "id": "ja-kantenji",
    "locale": "ja",
    "dots": "8",
    "grade": "1",
    "fileNames": "ja-kantenji.utb",
    "enDisplayName": "Kantenji"
  },
  {
    "id": "de-g0-detailed",
    "locale": "de-g0",
    "dots": "6",
    "grade": "0",
    "fileNames": "de-g0-detailed.utb",
    "enDisplayName": "German uncontracted braille with indication of capitals"
  },
  {
    "id": "de-comp6",
    "locale": "de",
    "dots": "6",
    "grade": "1",
    "fileNames": "de-comp6.utb",
    "enDisplayName": "German 6-dot computer braille"
  },
  {
    "id": "de-g1-detailed",
    "locale": "de-g1",
    "dots": "6",
    "grade": "1",
    "fileNames": "de-g1-detailed.ctb",
    "enDisplayName": "German partially contracted braille with indication of capitals"
  }
]
