[
{"category": "Lu",
 "mappings": {
  "default": {
   "default": "mathematical double struck capital c",
   "alternative": "double struck capital c",
   "short": "double struck cap c"
  }
 },
 "key": "2102"
},
{"category": "Ll",
 "mappings": {
  "default": {
   "default": "script small g",
   "short": "script g"
  }
 },
 "key": "210A"
},
{"category": "Lu",
 "mappings": {
  "default": {
   "default": "script capital h",
   "alternative": "script h",
   "short": "script cap h"
  }
 },
 "key": "210B"
},
{"category": "Lu",
 "mappings": {
  "default": {
   "default": "black letter capital h",
   "alternative": "black letter h",
   "short": "black letter cap h"
  }
 },
 "key": "210C"
},
{"category": "Lu",
 "mappings": {
  "default": {
   "default": "double struck capital h",
   "alternative": "double struck h",
   "short": "double struck cap h"
  }
 },
 "key": "210D"
},
{"category": "Ll",
 "mappings": {
  "default": {
   "default": "mathematical italic small h",
   "alternative": "italic small h",
   "short": "italic h"
  },
  "physics": {
   "default": "planck constant"
  }
 },
 "key": "210E"
},
{"category": "Lu",
 "mappings": {
  "default": {
   "default": "script capital i",
   "alternative": "script i",
   "short": "script cap i"
  }
 },
 "key": "2110"
},
{"category": "Lu",
 "mappings": {
  "default": {
   "default": "black letter capital i",
   "alternative": "black letter i",
   "short": "black letter cap i"
  }
 },
 "key": "2111"
},
{"category": "Lu",
 "mappings": {
  "default": {
   "default": "script capital l",
   "alternative": "script l",
   "short": "script cap l"
  }
 },
 "key": "2112"
},
{"category": "Ll",
 "mappings": {
  "default": {
   "default": "script small l",
   "short": "script l"
  }
 },
 "key": "2113"
},
{"category": "Lu",
 "mappings": {
  "default": {
   "default": "double struck capital n",
   "alternative": "double struck n",
   "short": "double struck cap n"
  }
 },
 "key": "2115"
},
{"category": "Sm",
 "mappings": {
  "default": {
   "default": "script capital p",
   "alternative": "script p",
   "short": "script cap p"
  }
 },
 "key": "2118"
},
{"category": "Lu",
 "mappings": {
  "default": {
   "default": "double struck capital p",
   "alternative": "double struck p",
   "short": "double struck cap p"
  }
 },
 "key": "2119"
},
{"category": "Lu",
 "mappings": {
  "default": {
   "default": "double struck capital q",
   "alternative": "double struck q",
   "short": "double struck cap q"
  }
 },
 "key": "211A"
},
{"category": "Lu",
 "mappings": {
  "default": {
   "default": "script capital r",
   "alternative": "script r",
   "short": "script cap r"
  }
 },
 "key": "211B"
},
{"category": "Lu",
 "mappings": {
  "default": {
   "default": "black letter capital r",
   "alternative": "black letter r",
   "short": "black letter cap r"
  }
 },
 "key": "211C"
},
{"category": "Lu",
 "mappings": {
  "default": {
   "default": "double struck capital r",
   "alternative": "double struck r",
   "short": "double struck cap r"
  }
 },
 "key": "211D"
},
{"category": "Lu",
 "mappings": {
  "default": {
   "default": "double struck capital z",
   "alternative": "double struck z",
   "short": "double struck cap z"
  }
 },
 "key": "2124"
},
{"category": "Lu",
 "mappings": {
  "default": {
   "default": "black letter capital z",
   "alternative": "black letter z",
   "short": "black letter cap z"
  }
 },
 "key": "2128"
},
{"category": "Lu",
 "mappings": {
  "default": {
   "default": "script capital b",
   "alternative": "script b",
   "short": "script cap b"
  }
 },
 "key": "212C"
},
{"category": "Lu",
 "mappings": {
  "default": {
   "default": "black letter capital c",
   "alternative": "black letter c",
   "short": "black letter cap c"
  }
 },
 "key": "212D"
},
{"category": "Ll",
 "mappings": {
  "default": {
   "default": "script small e",
   "short": "script e"
  }
 },
 "key": "212F"
},
{"category": "Lu",
 "mappings": {
  "default": {
   "default": "script capital e",
   "alternative": "script e",
   "short": "script cap e"
  }
 },
 "key": "2130"
},
{"category": "Lu",
 "mappings": {
  "default": {
   "default": "script capital f",
   "alternative": "script f",
   "short": "script cap f"
  }
 },
 "key": "2131"
},
{"category": "Lu",
 "mappings": {
  "default": {
   "default": "script capital m",
   "alternative": "script m",
   "short": "script cap m"
  }
 },
 "key": "2133"
},
{"category": "Ll",
 "mappings": {
  "default": {
   "default": "script small o",
   "short": "script o"
  }
 },
 "key": "2134"
},
{"category": "Ll",
 "mappings": {
  "default": {
   "default": "double struck small pi",
   "short": "double struck pi"
  }
 },
 "key": "213C"
},
{"category": "Ll",
 "mappings": {
  "default": {
   "default": "double struck small gamma",
   "short": "double struck gamma"
  }
 },
 "key": "213D"
},
{"category": "Lu",
 "mappings": {
  "default": {
   "default": "double struck capital gamma",
   "short": "double struck cap gamma"
  }
 },
 "key": "213E"
},
{"category": "Lu",
 "mappings": {
  "default": {
   "default": "double struck capital pi",
   "short": "double struck cap pi"
  }
 },
 "key": "213F"
},
{"category": "Sm",
 "mappings": {
  "default": {
   "default": "double struck n ary summation"
  }
 },
 "key": "2140"
},
{"category": "Lu",
 "mappings": {
  "default": {
   "default": "double struck italic capital d",
   "short": "double struck italic cap d"
  }
 },
 "key": "2145"
},
{"category": "Ll",
 "mappings": {
  "default": {
   "default": "double struck italic small d",
   "short": "double struck italic d"
  }
 },
 "key": "2146"
},
{"category": "Ll",
 "mappings": {
  "default": {
   "default": "double struck italic small e",
   "short": "double struck italic e"
  }
 },
 "key": "2147"
},
{"category": "Ll",
 "mappings": {
  "default": {
   "default": "double struck italic small i",
   "short": "double struck italic i"
  }
 },
 "key": "2148"
},
{"category": "Ll",
 "mappings": {
  "default": {
   "default": "double struck italic small j",
   "short": "double struck italic j"
  }
 },
 "key": "2149"
}
]
